{"0": [0.6077937294080973, 1.0], "1": [0.4501855605207484, 1.0], "2": [0.47735749721194093, 0.7839373925253924, 1.0], "3": [0.33237827158575195, 0.6597995756286303, 1.0], "4": [0.5518373693963772, 0.7895420085375114, 1.0], "5": [0.33716405358566365, 0.6636194502799634, 0.8378794646563129, 1.0], "6": [0.2698951111766141, 0.5378327986672329, 0.771185050386874, 1.0], "7": [0.07879297767399729, 0.3972788246819587, 0.6962806620820734, 1.0], "8": [0.20184886727226656, 0.3982977939709752, 0.5967339447904709, 0.7949454166006168, 1.0], "9": [0.19876486680921984, 0.3988515912794689, 0.578103965255196, 0.7639797312185643, 1.0], "10": [0.30370879346032775, 0.49420353545244805, 0.6384060886609544, 0.768330456273214, 0.881205130503076, 1.0], "11": [0.14080466168222092, 0.29433167546715283, 0.44780646114338746, 0.6063212176903051, 0.7790558365346487, 1.0], "12": [0.22952865077314763, 0.4011247602749961, 0.5201489110609305, 0.6332380720564262, 0.7460367184099662, 0.8602046080797632, 1.0], "13": [0.12327147381006098, 0.261865428077113, 0.40001061013116945, 0.5355546548149476, 0.6709927246441523, 0.815653055686291, 1.0], "14": [0.15797154062197924, 0.2838394698871527, 0.40208239818998215, 0.5176004135282735, 0.633967945320143, 0.7500144833996858, 0.8662065893022078, 1.0], "15": [0.10599269500314336, 0.22427326536537256, 0.343421759217514, 0.46089906143130777, 0.5744035514223411, 0.6928792280185756, 0.8224003450748713, 1.0], "16": [0.13952563289993927, 0.2539221563242956, 0.3559463001922537, 0.4598414624494016, 0.5679832736182719, 0.6743240149436281, 0.771862557200007, 0.8762282801612346, 1.0], "17": [0.09651959114519498, 0.20140104138795356, 0.3038684991171468, 0.4042351454157784, 0.50490474449002, 0.6047480819701376, 0.711228066535213, 0.8329796843968509, 1.0]}